{"cameraMode":{"drawMode":0,"name":"Shaded","section":"Shading Mode"},"sceneLighting":false,"audioPlay":false,"sceneViewState":{"showFog":true,"showMaterialUpdate":false,"showSkybox":true,"showFlares":true,"showImageEffects":true,"showParticleSystems":true},"in2DMode":false,"pivot":{"x":-1.4213194847106934,"y":0.9969098567962647,"z":1.1963250637054444},"rotation":{"x":0.7160016298294067,"y":-0.07047485560178757,"z":0.07305882126092911,"w":0.6906788945198059},"size":2.1278324127197267,"orthographic":true}