{"cameraMode":{"drawMode":0,"name":"Shaded","section":"Shading Mode"},"sceneLighting":false,"audioPlay":false,"sceneViewState":{"showFog":true,"showMaterialUpdate":false,"showSkybox":true,"showFlares":true,"showImageEffects":true,"showParticleSystems":true},"in2DMode":false,"pivot":{"x":-1.89373779296875,"y":0.79766845703125,"z":2.15087890625},"rotation":{"x":0.10542768239974976,"y":0.12702804803848267,"z":-0.013580195605754853,"w":0.9861868619918823},"size":2.070781707763672,"orthographic":true}