{"cameraMode":{"drawMode":0,"name":"Shaded","section":"Shading Mode"},"sceneLighting":false,"audioPlay":false,"sceneViewState":{"showFog":true,"showMaterialUpdate":false,"showSkybox":true,"showFlares":true,"showImageEffects":true,"showParticleSystems":true},"in2DMode":false,"pivot":{"x":-0.9048853516578674,"y":1.3099572658538819,"z":1.834666132926941},"rotation":{"x":0.18777966499328614,"y":-0.2683980464935303,"z":0.053445566445589069,"w":0.9433159232139587},"size":1.2194958925247193,"orthographic":true}